Weight,Source,Target
859,伊朗,特朗普
681,叙利亚,以色列
623,买房,房价
613,俄罗斯,普京
569,比特币,区块链
563,叙利亚,伊朗
533,詹姆斯,猛龙
526,叙利亚,俄罗斯
519,东方IC,东方ic
487,季后赛,詹姆斯
472,以色列,伊朗
448,游戏,玩家
435,伊核协议,伊朗
432,游戏,绝地求生
422,骑士,詹姆斯
402,伊朗,以色列
397,凯尔特人,詹姆斯
396,RNG,MSI
378,火箭,勇士
370,数字货币,比特币
365,马化腾,腾讯
358,骑士,猛龙
358,游戏,王者荣耀
348,雷军,小米
344,戛纳电影节,范冰冰
337,张一鸣,马化腾
330,楼市,房价
325,支付宝,马云
321,游戏,英雄联盟
317,腾讯,腾讯没有梦想
315,支付宝,余额宝
315,詹姆斯,NBA
309,德罗赞,猛龙
303,火箭,爵士
302,伊核协议,特朗普
293,房地产,房价
293,季后赛,NBA
291,以色列,特朗普
289,骑士队,詹姆斯
285,鲁哈尼,伊朗
284,马化腾,腾讯没有梦想
275,季后赛,凯尔特人
270,俄罗斯,伊朗
266,数字货币,区块链
260,快乐大本营,谢娜
256,股票,股市
255,季后赛,猛龙
254,德罗赞,詹姆斯
254,米切尔,爵士
251,哈登,火箭
247,游戏,手游
245,俄罗斯,以色列
243,刘雨欣,张檬
243,汉兰达,SUV
243,内塔尼亚胡,以色列
242,季后赛,火箭
242,Google,谷歌
239,人工智能,AI
238,勇士,杜兰特
238,银行,信用卡
238,戛纳电影节,戛纳
234,俄罗斯,美国
229,张一鸣,腾讯
229,火箭,卡佩拉
228,季后赛,常规赛
222,张一鸣,今日头条
220,奥迪,宝马
215,哈弗,哈弗H6
215,人工智能,机器人
214,季后赛,骑士
213,股价,股票
212,戈兰高地,以色列
212,伊朗,美国
211,新能源汽车,新能源
210,上年同期,基本每股收益
209,马化腾,今日头条
206,买房,房产
206,勇士队,火箭队
205,MSI,英雄联盟
203,谢娜,张杰
203,农村,宅基地
202,投资者,股票
200,阿里巴巴,马云
199,骑士队,猛龙队
199,二手房,房价
198,范冰冰,戛纳
196,马化腾,微视
196,房产,房价
195,凯尔特人,76人
195,关晓彤,鹿晗
194,腾讯,今日头条
193,张一鸣,微视
193,马化腾,马云
190,宝骏,宝骏510
189,长安,CS75
188,凯尔特人,骑士
186,保罗,爵士
183,长安,长安汽车
183,哈登,保罗
182,SUV,哈弗H6
181,传祺GS4,GS4
181,季后赛,保罗
180,内塔尼亚胡,伊朗
180,凯尔特人,NBA
179,保罗,火箭
179,勒布朗,詹姆斯
178,V12,劳斯莱斯
178,买房,楼盘
177,游戏,DNF
175,微软,Azure
175,以色列,耶路撒冷
173,刘强东,京东
173,腾讯,微视
172,二手车,58同城
172,区块链技术,区块链
172,鲁哈尼,特朗普
171,张钧甯,张翰
169,股价,MACD
167,奥迪A6L,A6L
166,火箭,杜兰特
166,火箭,米切尔
166,农业,农村
166,RNG,英雄联盟
166,马哈蒂尔,马来西亚
165,偶像练习生,蔡徐坤
165,爵士队,火箭队
164,戈兰高地,伊朗
163,腾讯,马化腾
163,阿里,阿里巴巴
161,步行者,詹姆斯
160,张一鸣,抖音
158,LOL,英雄联盟
158,特斯拉,Model
157,马云,阿里巴巴
157,别墅,农村
156,日本,日本人
156,Android,Google
156,戛纳电影节,红毯
155,巴勒斯坦,以色列
155,阿里巴巴集团,阿里巴巴
154,马化腾,抖音
152,季后赛,骑士队
151,股价,散户
151,海沃德,凯尔特人
150,库里,杜兰特
150,微信,支付宝
150,戛纳电影节,电影节
150,火箭,火箭队
149,楼盘,房价
148,奥迪,A6L
148,哈登,米切尔
148,火箭,NBA
148,股价,庄家
148,轰炸机,B-2
147,Android,谷歌
146,伊朗核,伊朗
146,霍福德,凯尔特人
146,MA5,MA10
146,路虎揽胜,路虎
145,游戏,LOL
145,黄金,MACD
145,叙利亚,戈兰高地
145,叙利亚,特朗普
144,丰田,一汽丰田
143,MA5,MACD
143,游戏,dnf
143,微信,程序
142,季后赛,勇士
142,红毯,戛纳
142,凯西,猛龙
142,丰田,卡罗拉
141,巴萨,皇马
141,F-35,F-22
140,买房,购房者
139,楼市,买房
138,哈登,火箭队
138,中华人民共和国反不正当竞争法,临猗县
138,长安CS75,CS75
137,泰伦卢,詹姆斯
137,临猗县,滞销
137,战斗机,歼-20
137,埃尔克森,鹿岛鹿角
136,保罗,米切尔
136,季后赛,爵士
136,股票,散户
135,科比,NBA
134,红毯,范冰冰
134,F-22,歼-20
134,微软,Windows 10
132,买房,房贷
132,虚拟货币,比特币
132,H6,哈弗H6
131,戛纳电影节,马苏
131,张一鸣,腾讯没有梦想
131,LPL,MSI
131,日本,美国
130,哈登,爵士
130,公司法,公司章程
130,西游记,孙悟空
130,火箭队,NBA
129,SUV,速双离合
128,伊朗核问题,伊朗
128,宝骏,宝骏730
128,宝骏,SUV
128,库里南,劳斯莱斯
128,加密货币,比特币
127,RX5,荣威
127,德罗赞,骑士
127,季后赛,米切尔
127,MPV,宝骏730
126,苹果,iPhone
126,卡纳瓦罗,广州恒大
126,滴滴,顺风车
126,核武器,伊朗
126,中华人民共和国反不正当竞争法,滞销
126,SUV,国产车
125,RNG,UZI
125,股票,炒股
125,小米,智能手机
125,阿里,马云
125,伊朗,退出伊核协议
124,去中心化,区块链
124,伊朗核,特朗普
124,油价,原油
123,季后赛,哈登
123,叙利亚,美国
123,火箭,塔克
122,奥迪,奥迪A6L
122,股价,投资者
122,季后赛,卡佩拉
122,电动汽车,新能源汽车
121,李冰冰,范冰冰
121,伊核协议,以色列
120,玩家,绝地求生
120,系列赛,詹姆斯
120,印度,印度人
120,庄家,散户
119,H6,哈弗
119,王者荣耀,英雄联盟
119,偶像练习生,创造101
119,亚冠,鹿岛鹿角
119,房价,楼盘
119,F-35,战斗机
119,大数据,人工智能
118,微软,Windows
118,鹿岛鹿角,奥斯卡
117,德罗赞,洛瑞
117,梅德韦杰夫,普京
117,火箭队,卡佩拉
117,哈弗,SUV
117,临猗县,临猗苹果滞销
117,比亚迪,新能源
117,SUV,宝马
117,戛纳电影节,江湖儿女
117,北京大学,清华大学
117,揽胜,路虎
116,克里姆林宫,普京
116,西蒙斯,76人
116,MPV,宝骏
116,悲情牌,临猗县
116,俄罗斯,莫斯科
115,股票,MACD
115,Uzi,MSI
115,丰田,凯美瑞
115,战斗机,战机
115,FNC,MSI
115,迪丽热巴,热巴
114,MSI,UZI
114,腾讯,抖音
114,小米,小米手机
114,季后赛,命中率
114,奥迪,A4L
114,微视,抖音
114,宝骏,哈弗H6
114,投资者,股市
114,季后赛,火箭队
114,何炅,谢娜
114,丰田,TNGA
113,别克GL8,GL8
113,内马尔,皇马
113,空军,战机
113,股价,主力
112,勇士,库里
112,荣威,RX8
112,巴萨,伊涅斯塔
112,书法,书法家
112,MA10,MACD
112,蒋欣,欢乐颂
112,叙利亚,伊拉克
111,哈登,卡佩拉
111,凯美瑞,帕萨特
111,华为,小米
111,胡尔克,鹿岛鹿角
111,季后赛,猛龙队
111,房贷利率,基准利率
110,利物浦,萨拉赫
110,秦俊杰,泡沫之夏
110,伊朗,原油
110,轰炸机,战略轰炸机
110,游戏,梦幻西游
109,上证50,MSCI
109,支付宝,信用卡
109,朝鲜,金正恩
109,奥迪A4L,A4L
108,李晨,范冰冰
108,张柏芝,谢霆锋
108,股市,炒股
108,轰炸机,轰-6K
108,俄罗斯世界杯,世界杯
107,张雪迎,泡沫之夏
107,火箭,常规赛
107,二手房,买房
107,科沃尔,詹姆斯
107,克里姆林宫,俄罗斯
107,常规赛,猛龙
107,CS75,长安汽车
106,比特币,BTC
106,伊朗,国际原子能机构
106,支付宝,阿里巴巴
106,美国,特朗普
106,利物浦,切尔西
106,俄罗斯,特朗普
105,誓言,贾乃亮
105,塔图姆,凯尔特人
105,伊核协议,鲁哈尼
105,房贷,房价
105,股东大会,公司章程
105,安迪,黄圣依
105,亚冠,权健
104,支付宝,蚂蚁金服
104,德黑兰,伊朗
104,路虎揽胜,揽胜
104,季后赛,杜兰特
104,养殖户,猪价
104,奥迪,奥迪A6
104,火箭弹,以色列
104,F-22,战斗机
104,贾乃亮,李小璐
104,中国女排,朱婷
104,苹果,临猗县
104,Google,AI
104,姚明,NBA
104,股票,庄家
104,罗晋,唐嫣
103,季后赛,系列赛
103,V12,库里南
103,卡纳瓦罗,高拉特
103,游戏机,电视机
103,苹果,悲情牌
103,中华人民共和国反不正当竞争法,临猗苹果滞销
102,卡纳瓦罗,权健
102,马克龙,特朗普
102,比特币,ICO
102,奔跑吧,邓超
102,普拉多,丰田
102,T700,T800
102,猛龙队,詹姆斯
102,MSCI,上证指数
102,劳斯莱斯,SUV
101,银行,支付宝
101,战斗机,歼20
101,电视机,泰迪熊
101,玩家摧毁,电视机
101,运输机,运-20
101,游戏机,跷跷板
101,布林带,MACD
101,跷跷板,泰迪熊
101,哈登,杜兰特
101,电视机,跷跷板
101,玩家摧毁,跷跷板
101,玩家摧毁,泰迪熊
101,游戏机,泰迪熊
101,微视,今日头条
101,BX7,宝沃
101,今日头条,抖音
101,雷军,小米手机
100,李宇春,范冰冰
100,人工智能,谷歌
100,萨达姆,伊拉克
100,勇士队,杜兰特
99,中华人民共和国反不正当竞争法,悲情牌
99,张继科,景甜
99,土耳其,俄罗斯
99,雅阁,凯美瑞
99,俄罗斯,战机
99,特斯拉,新能源汽车
99,楼市,房地产
98,特斯拉,电动汽车
98,F-35,歼-20
98,亚冠,卡纳瓦罗
98,一汽,一汽丰田
98,猛龙队,猛龙
98,沙河股份,高斯贝尔
98,詹姆斯,东部决赛
98,长安CS75,长安
98,德罗赞,猛龙队
98,股价,筹码
97,步行者,猛龙
97,叙利亚,普京
97,伊藤美诚,刘诗雯
97,Model S,Model
97,纳吉布,马来西亚
97,北约,俄罗斯
97,奔跑吧,跑男
97,4s店,买车
96,凯尔特人,莫里斯
96,火箭,系列赛
96,成交量,股票
96,保罗,NBA
96,詹姆斯,猛龙队
96,楼市,楼盘
96,空军,歼-20
96,奥巴马,特朗普
95,悲情牌,滞销
95,蓝洞,绝地求生
95,黄金,MA5
95,温格,阿森纳
95,奥迪,SUV
95,特斯拉,电动车
95,滞销,临猗苹果滞销
95,马云,余额宝
95,范丞丞,范冰冰
95,滴滴,网约车
94,马自达,SUV
94,阿特兹,马自达
94,绝地求生,英雄联盟
94,购房者,房价
94,MSCI,蓝筹股
94,黄金,原油
94,Model 3,特斯拉
93,爵士队,米切尔
93,楚乔传,赵丽颖
93,唐嫣,归去来
93,阿里扎,火箭
93,特斯拉,比亚迪
93,宝沃,BX6
93,灭霸,复仇者联盟3
93,灭霸,复仇者联盟
93,赵丽颖,花千骨
93,特斯拉,马斯克
93,骑士队,凯尔特人
93,买房,购房
93,奥迪,凯迪拉克
93,退出伊核协议,特朗普
93,中华人民共和国反不正当竞争法,苹果
92,法拉利,兰博基尼
92,江湖儿女,贾樟柯
92,詹姆斯,杜兰特
92,荣威,上汽荣威
92,马云,互联网
92,复联3,灭霸
91,巴菲特,比特币
91,智能手机,OPPO
91,腾讯,短视频
91,马自达,CX-4
91,滴滴,司机
91,腾讯,微信
91,汉兰达,丰田汉兰达
91,叙利亚,大马士革
91,F22,歼20
91,王宝强,马蓉
91,联合全面行动计划,伊朗
91,特斯拉,Model S
91,游戏,小游戏
91,王菲,谢霆锋
91,新能源汽车,比亚迪
90,俄罗斯,导弹
90,亚冠,广州恒大
90,股价,股市
90,伊朗,制裁
90,哈弗,长城汽车
90,巴菲特,伯克希尔
90,B-2,轰-6K
90,凯尔特人,东部决赛
90,ICO,区块链
90,马哈蒂尔,纳吉布
90,奔跑吧,鹿晗
90,众泰,T700
89,保罗,火箭队
89,奥迪,奥迪Q5
89,今日头条,腾讯没有梦想
89,卡纳瓦罗,恒大
89,叙利亚,土耳其
89,小米,OPPO
89,F-15,F-16
89,第五人格,求生者
89,众泰,众泰汽车
88,偶像练习生,范丞丞
88,MPV,GL8
88,马化腾,张一鸣
88,哈登,NBA
88,机器学习,人工智能
88,比特币,去中心化
88,特朗普,美国
88,巴菲特,伯克希尔哈撒韦
88,Facebook,区块链
87,勇士,卡佩拉
87,游戏,网络游戏
87,腾讯,王者荣耀
87,科比,詹姆斯
87,房地产,房产
87,广汽传祺,GS4
87,轰炸机,轰-6
87,何炅,快乐大本营
87,巴勒斯坦,耶路撒冷
86,特斯拉,新能源
86,RX5,GS4
86,哈弗H6,GS4
86,苹果,滞销
86,临猗县,滞销大爷
86,勇士,汤普森
86,北京车展,SUV
86,俄罗斯,战斗机
86,生猪,猪价
86,俄罗斯,苏联
86,杨幂,赵丽颖
85,哈弗,哈弗H2
85,马化腾,短视频
85,刘涛,蒋欣
85,吉利汽车,吉利
85,奥尼尔,NBA
85,Panamera,保时捷
85,凯尔特人,恩比德
85,广汽丰田,丰田
85,SUV,CS75
85,玩家,王者荣耀
85,海沃德,詹姆斯
84,罗晋,归去来
84,传祺GS4,哈弗H6
84,张文钊,张琳芃
84,lol,英雄联盟
84,保罗,西决
84,苹果公司,iPhone
84,西蒙斯,凯尔特人
84,黄金,布林带
84,汉兰达,丰田
84,常规赛,勇士
83,季后赛,勒布朗
83,高考状元,陈宝生
83,自主招生,清华大学
83,余额宝,天弘基金
83,詹姆斯,洛瑞
83,梅德韦杰夫,俄罗斯
83,房地产,买房
83,游戏,Steam
83,战机,歼-20
83,一汽,丰田
83,MPV,比亚迪
83,马自达,昂克赛拉
83,以色列,美国
82,张翰,温暖的弦
82,黄磊,何炅
82,腾讯,阿里巴巴
82,普京,国家杜马
82,凯西,詹姆斯
82,运-20,歼-20
82,V12,SUV
82,炒房客,房价
82,勇士队,NBA
82,中华人民共和国反不正当竞争法,滞销大爷
82,SUV,GS8
82,空军,申进科
82,iphone,iPhone
82,腾讯,阿里
81,西蒙斯,恩比德
81,房地产市场,房地产
81,叙利亚,伊核协议
81,陈宝生,教育部
81,大众CC,CC
81,俄罗斯,乌克兰
81,骑士队,猛龙
81,杨紫,张一山
81,运-20,轰-6K
81,联合全面行动计划,特朗普
81,沃尔沃,XC40
80,中国移动,运营商
80,限价房,共有产权房
80,叙利亚,内塔尼亚胡
80,高能少年团,王俊凯
80,勇士,NBA
80,特朗普,奥巴马
80,大数据,云计算
80,LPL,RNG
80,高考状元,教育部
80,沃尔沃,XC60
80,刘涛,欢乐颂
80,自主招生,北京大学
80,库里南,SUV
80,航空母舰,航母
80,S90,沃尔沃
80,穆里尼奥,曼联
80,马苏,红毯
80,利物浦,皇马
79,求生者,监管者
79,沃尔沃,吉利汽车
79,夏家三千金,张檬
79,宝马X3,X3
79,nba,NBA
79,亚冠,中超
79,哈弗H6,CS75
79,丰田,C-HR
79,悲情牌,临猗苹果滞销
79,伊朗,油价
79,火箭弹,伊朗
79,Google,人工智能
79,步行者,骑士
78,LPL,英雄联盟
78,迪丽热巴,赵丽颖
78,二手车,二手车市场
78,詹姆斯,欧文
78,常规赛,詹姆斯
78,大国起飞,B-2
78,伊朗,奥巴马
78,成交量,股价
78,邓超,跑男
78,漫威,复联3
78,地震,汶川
78,五菱宏光,宝骏
78,高拉特,广州恒大
78,勇士队,库里
78,中超,广州恒大
77,朱婷,瓦基弗银行
77,B-2,战略轰炸机
77,大国起飞,运-20
77,MPV,五菱宏光
77,火箭,巴克利
77,投资者,散户
77,虚拟货币,区块链
77,五菱宏光,宝骏730
77,运-20,轰-6
77,兰博基尼,劳斯莱斯
77,黄金,MA10
77,勇士队,勇士
77,杜兰特,NBA
77,绿军,凯尔特人
77,伊核协议,伊朗核问题
77,内塔尼亚胡,特朗普
76,戛纳电影节,关晓彤
76,微软,人工智能
76,张一鸣,短视频
76,雷军,董明珠
76,齐达内,皇马
76,众泰汽车,T700
76,大马士革,以色列
76,奥迪,奥迪A4L
76,伊朗核问题,特朗普
76,张钧甯,温暖的弦
76,叙利亚,导弹
76,凯尔特人,猛龙
76,雷克萨斯,宝马
76,dnf,DNF
76,游戏,第五人格
76,荣威,SUV
76,任天堂,Switch
76,灭霸,复仇者联盟3 ：无限战争
76,复联3,复仇者联盟3
76,华为,OPPO
76,Cullinan,劳斯莱斯
75,公司法,股东大会
75,雷克萨斯,凯迪拉克
75,SUV,比亚迪
75,系列赛,凯尔特人
75,后坐力,绝地求生
75,电影节,范冰冰
75,空军,中国空军
75,MSCI,创业板
75,苏-35,轰-6K
75,途观,SUV
75,游戏机,玩家摧毁
75,RNG,闪电狼
75,X3,宝马
75,骑士队,NBA
75,机场,东方IC
75,陈赫,邓超
75,F-22,歼20
75,雷佳音,佟丽娅
75,苏-35,战机
75,云计算,人工智能
75,张琳芃,球衣
75,物联网,人工智能
75,高考加分,录取批次
75,住房公积金,公积金
75,印度,巴基斯坦
75,吴卓林,吴绮莉
74,凯迪拉克,XT5
74,筹码,散户
74,FNC,RNG
74,帕萨特,迈腾
74,投资者,MACD
74,锤子科技,罗永浩
74,绝地求生,王者荣耀
74,共有产权住房,限房价项目
74,公务员,公务员考试
74,成龙,吴绮莉
74,普京,总统
74,神户胜利船,伊涅斯塔
74,巴菲特,苹果公司
74,黄金,特朗普
73,赵丽颖,陆贞传奇
73,华为,智能手机
73,原油,MACD
73,创业板,上证指数
73,SUV,路虎
73,录取批次,奥林匹克竞赛
73,T700,速双离合
73,极限挑战,男人帮
73,这就是街舞,易烊千玺
73,马苏,如影随心
73,滞销大爷,滞销
73,特拉维夫,以色列
73,宝沃,BX5
73,尹夏沫,泡沫之夏
73,Build,微软
73,区块,区块链
73,丰田,SUV
73,散户,主力
73,普拉多,汉兰达
73,戛纳电影节,如影随心
73,吴卓林,成龙
73,RNG,FNC
73,巴萨,格列兹曼
73,散户,股市
73,支付宝,互联网
73,空军,战斗机
73,易烊千玺,王俊凯
72,秦俊杰,张雪迎
72,范丞丞,蔡徐坤
72,马克思,马克思主义
72,凯美瑞,卡罗拉
72,伊朗,核协议
72,F22,F35
72,篮球,NBA
72,共有产权住房,评估价
72,刘强东,马云
72,苹果,临猗苹果滞销
72,微视,短视频
72,杨丽娟,刘德华
72,山东鲁能,鲁能
72,马苏,范冰冰
72,乌克兰,俄罗斯
72,火箭,休斯顿火箭
72,丰田,雷克萨斯
72,科沃尔,猛龙
72,季后赛,泰伦卢
71,季后赛,勇士队
71,凯西,猛龙队
71,瓦兰丘纳斯,猛龙
71,马克龙,伊朗
71,长城,长城汽车
71,权健,恒大
71,核武器,以色列
71,霍福德,詹姆斯
71,蓝洞,游戏
71,电动汽车,电动车
71,复仇者联盟3,复仇者联盟
71,Model,Model X
71,史蒂文斯,凯尔特人
71,朝鲜,特朗普
71,歼20,歼-20
71,城里人,农村
71,SUV,长安
71,职业生涯,NBA
71,房价,购房
71,QFII,MSCI
71,钢铁侠,复仇者联盟
71,阿里巴巴集团,马云
71,漫威,灭霸
71,长城汽车,哈弗H6
71,限价房,共有产权住房
70,保罗,圣保罗
70,歼-10,歼-20
70,GS8,CS95
70,上证50,创业板
70,邓超,鹿晗
70,马化腾,支付宝
70,运-20,中国空军
70,德罗赞,季后赛
70,游戏,lol
70,运-20,B-2
70,信用卡,持卡人
70,季后赛,步行者
70,宝马5系,A6L
70,宝骏510,哈弗H6
70,游戏,游戏玩家
70,CBA,NBA
70,保时捷911,保时捷
70,RX5,SUV
70,特斯拉,Model X
70,Uzi,英雄联盟
70,杨紫,蒋欣
70,雷克萨斯,英菲尼迪
69,杨元庆,联想集团
69,闪电狼,MSI
69,李云龙,亮剑
69,李白,韩信
69,军事基地,伊朗
69,运-20,航空工业
69,养猪,猪价
69,利物浦,欧冠
69,奇瑞,SUV
69,张文钊,球衣
69,房地产,楼盘
69,CR-V,本田CR-V
69,游戏,后坐力
69,售后服务,迈汽车
69,宝马X3,宝马
68,阿里巴巴,互联网
68,RX5,荣威RX5
68,演唱会,张学友
68,英菲尼迪,QX50
68,合资车,国产车
68,演唱会,张靓颖
68,印度海军,印度
68,网约车,顺风车
68,高考加分,奥林匹克竞赛
68,第五人格,监管者
68,军事基地,以色列
68,哈登,勇士
68,股价,炒股
68,演唱会,古巨基


